{"stats":{"minecraft:killed_by":{"minecraft:sheep":1,"crimson_steves_mobs:creesteve":2,"minecraft:drowned":1,"enemyexpansion:sprinter":1,"crimson_steves_mobs:zombie_vindicator":1,"minecraft:skeleton":1,"minecraft:zombie":3,"enemyexpansion:direwolf":1,"iceandfire:fire_dragon":2},"minecraft:mined":{"minecraft:red_carpet":4,"biomesoplenty:desert_grass":2,"biomesoplenty:bush":4,"minecraft:grass_block":10,"minecraft:hay_block":7,"minecraft:fire":14,"regions_unexplored:redwood_planks":5,"minecraft:moss_carpet":1,"regions_unexplored:medium_grass":3,"regions_unexplored:windswept_grass":25,"regions_unexplored:redwood_log":14,"minecraft:bone_block":21,"minecraft:red_wool":4,"minecraft:hanging_roots":8,"minecraft:tall_grass":34,"minecraft:sugar_cane":1,"minecraft:wall_torch":1,"minecraft:seagrass":1,"minecraft:lilac":1,"minecraft:stone_brick_stairs":1,"minecraft:grass":124,"minecraft:dirt":9,"minecraft:cobweb":7,"antlers:bloody_cow":1,"minecraft:netherrack":2,"minecraft:oak_leaves":3},"minecraft:picked_up":{"minecraft:iron_chestplate":3,"minecraft:coarse_dirt":6,"minecraft:wheat":2,"minecraft:enchanted_book":3,"minecraft:stone_brick_stairs":1,"minecraft:music_disc_cat":2,"minecraft:string":39,"minecraft:moss_carpet":1,"minecraft:iron_leggings":1,"minecraft:white_carpet":2,"minecraft:iron_shovel":4,"minecraft:pufferfish":9,"immersive_aircraft:propeller":2,"minecraft:gold_nugget":100,"minecraft:cobblestone_slab":2,"minecraft:iron_nugget":120,"minecraft:iron_pickaxe":3,"regions_unexplored:redwood_planks":7,"minecraft:sugar_cane":2,"minecraft:spruce_trapdoor":2,"minecraft:iron_boots":1,"regions_unexplored:redwood_log":30,"minecraft:egg":2,"minecraft:stick":49,"farmersdelight:minced_beef":15,"minecraft:oak_fence":2,"minecraft:torch":3,"minecraft:spruce_fence":1,"minecraft:porkchop":5,"minecraft:arrow":16,"minecraft:rotten_flesh":44,"minecraft:hay_block":7,"minecraft:totem_of_undying":3,"minecraft:gold_ingot":11,"antlers:jerkey":8,"minecraft:mutton":8,"minecraft:white_wool":3,"immersive_aircraft:hull":2,"minecraft:snowball":1,"minecraft:bone_block":21,"minecraft:cobblestone":1,"minecraft:mud_bricks":4,"minecraft:lilac":9,"minecraft:salmon":8,"minecraft:filled_map":1,"minecraft:stripped_spruce_wood":1,"minecraft:nether_wart_block":8,"minecraft:gunpowder":2,"immersive_aircraft:gyrodyne":3,"farmersdelight:flint_knife":3,"minecraft:dirt":20,"minecraft:red_carpet":24,"minecraft:bone":35,"minecraft:apple":4,"minecraft:gray_carpet":2,"minecraft:wheat_seeds":32,"minecraft:wild_armor_trim_smithing_template":1,"minecraft:iron_ingot":28,"minecraft:iron_sword":5,"minecraft:oak_planks":5,"minecraft:cooked_porkchop":19,"minecraft:red_wool":8,"minecraft:sand":1,"minecraft:mud_brick_wall":4,"minecraft:spruce_log":1,"alexsmobs:animal_dictionary":2,"minecraft:mossy_cobblestone":3,"minecraft:mangrove_wood":4,"bossominium:the_bossdexium":2,"minecraft:iron_helmet":1,"minecraft:emerald":6,"minecraft:bread":21,"alexsmobs:maggot":4,"minecraft:netherrack":2,"minecraft:dark_oak_fence":1},"minecraft:killed":{"creeperoverhaul:beach_creeper":1,"minecraft:spider":3,"enemyexpansion:direwolf":2,"minecraft:skeleton":5,"crimson_steves_mobs:zombie_evoker":1,"minecraft:husk":4,"minecraft:pig":2,"enemyexpansion:ladybug":1,"crimson_steves_mobs:derpig":2,"crimson_steves_mobs:zombie_vindicator":1,"crimson_steves_mobs:zombie_pig":2,"minecraft:zombie":3,"crimson_steves_mobs:zombie_pillager":1,"enemyexpansion:botfly":1},"minecraft:used":{"minecraft:oak_fence":2,"minecraft:bone_block":21,"minecraft:spruce_planks":4,"minecraft:iron_sword":174,"minecraft:rotten_flesh":8,"minecraft:netherrack":2,"minecraft:iron_chestplate":1,"minecraft:dirt":1,"farmersdelight:flint_knife":1,"minecraft:snowball":1,"minecraft:wooden_axe":14,"alexsmobs:maggot":1,"minecraft:iron_helmet":1,"minecraft:totem_of_undying":2,"minecraft:hay_block":7,"minecraft:egg":1,"minecraft:iron_leggings":1,"minecraft:mangrove_planks":8,"minecraft:salmon":3,"minecraft:mossy_cobblestone":1,"regions_unexplored:redwood_planks":15,"minecraft:crafting_table":1,"minecraft:acacia_leaves":5,"minecraft:cod":4,"antlers:jerkey":6,"minecraft:apple":2,"minecraft:bread":6,"minecraft:iron_pickaxe":30,"minecraft:cobblestone":1,"minecraft:porkchop":1,"minecraft:cooked_porkchop":8,"immersive_aircraft:gyrodyne":4,"minecraft:coarse_dirt":3},"minecraft:dropped":{"minecraft:iron_sword":1,"minecraft:porkchop":2,"minecraft:wheat_seeds":25,"bossominium:the_bossdexium":3,"minecraft:pufferfish":1,"minecraft:torch":1,"minecraft:sand":1,"alexsmobs:animal_dictionary":3,"minecraft:wheat":1,"minecraft:rotten_flesh":1,"minecraft:acacia_leaves":1,"minecraft:egg":1},"minecraft:crafted":{"immersive_aircraft:sail":2,"minecraft:bone_meal":12,"minecraft:white_carpet":13,"antlers:jerkey":6,"immersive_aircraft:hull":2,"minecraft:crafting_table":1,"minecraft:spruce_planks":4,"minecraft:mangrove_planks":8,"minecraft:red_carpet":6,"immersive_aircraft:propeller":1,"minecraft:air":0,"regions_unexplored:redwood_planks":20,"minecraft:white_wool":2,"immersive_aircraft:gyrodyne":1,"minecraft:white_dye":12,"minecraft:stick":4,"minecraft:wooden_axe":1},"minecraft:custom":{"minecraft:mob_kills":31,"minecraft:interact_with_crafting_table":13,"minecraft:open_barrel":23,"minecraft:leave_game":4,"minecraft:time_since_death":2527,"minecraft:climb_one_cm":2412,"minecraft:sprint_one_cm":181999,"minecraft:walk_one_cm":237201,"minecraft:drop":32,"minecraft:talked_to_villager":1,"minecraft:play_time":102804,"minecraft:deaths":14,"minecraft:sneak_time":6382,"minecraft:walk_under_water_one_cm":17114,"minecraft:jump":2845,"minecraft:walk_on_water_one_cm":15416,"minecraft:total_world_time":102804,"minecraft:sleep_in_bed":1,"minecraft:time_since_rest":2623,"minecraft:waystone_activated":1,"minecraft:damage_taken":6172,"minecraft:damage_absorbed":99,"minecraft:damage_dealt":5824,"minecraft:swim_one_cm":32297,"minecraft:fly_one_cm":354206,"minecraft:open_chest":14,"minecraft:crouch_one_cm":13343,"minecraft:interact_with_smoker":5,"minecraft:fall_one_cm":47156}},"DataVersion":3465}