{"stats":{"minecraft:killed_by":{"minecraft:husk":2,"minecraft:sheep":1,"crimson_steves_mobs:creesteve":3,"minecraft:drowned":1,"mutantmonsters:mutant_creeper":1,"minecraft:vindicator":2,"enemyexpansion:sprinter":1,"crimson_steves_mobs:zombie_vindicator":1,"minecraft:skeleton":2,"minecraft:zombie":4,"enemyexpansion:direwolf":1,"iceandfire:fire_dragon":6,"minecraft:vex":1},"minecraft:picked_up":{"iceandfire:dragon_skull_lightning":1,"minecraft:iron_chestplate":11,"minecraft:coarse_dirt":6,"minecraft:wheat":2,"minecraft:flower_pot":1,"minecraft:enchanted_book":12,"regions_unexplored:blue_bioshroom":2,"minecraft:stone_brick_stairs":1,"minecraft:item_frame":2,"minecraft:iron_axe":3,"minecraft:music_disc_cat":2,"minecraft:string":67,"minecraft:red_bed":8,"minecraft:moss_carpet":3,"minecraft:iron_leggings":4,"minecraft:white_carpet":30,"minecraft:iron_shovel":4,"minecraft:pufferfish":12,"iceandfire:graveyard_soil":1,"immersive_aircraft:propeller":2,"minecraft:gold_nugget":100,"minecraft:cobblestone_slab":2,"minecraft:azalea":2,"minecraft:iron_nugget":120,"bossominium:vex_wing":22,"minecraft:iron_pickaxe":9,"regions_unexplored:redwood_planks":7,"biomesoplenty:wildflower":1,"minecraft:sugar_cane":2,"minecraft:spruce_trapdoor":2,"minecraft:iron_boots":9,"regions_unexplored:redwood_log":46,"minecraft:egg":2,"iceandfire:dragonscales_gray":3,"iceandfire:dragonbone":18,"minecraft:stick":53,"farmersdelight:minced_beef":15,"minecraft:oak_fence":2,"minecraft:torch":5,"minecraft:acacia_log":3,"minecraft:spruce_fence":1,"minecraft:porkchop":5,"minecraft:carrot":20,"minecraft:dark_oak_planks":53,"minecraft:arrow":34,"minecraft:rotten_flesh":85,"regions_unexplored:green_bioshroom":1,"farmersdelight:onion":57,"iceandfire:fire_dragon_heart":2,"minecraft:hay_block":38,"minecraft:saddle":9,"alexsmobs:emu_egg":1,"minecraft:totem_of_undying":4,"minecraft:gold_ingot":77,"antlers:jerkey":59,"minecraft:obsidian":98,"minecraft:iron_bars":4,"minecraft:mutton":8,"minecraft:white_wool":3,"immersive_aircraft:hull":2,"minecraft:snowball":1,"minecraft:bone_block":78,"minecraft:cobblestone":1,"minecraft:mud_bricks":4,"minecraft:cooked_beef":18,"minecraft:lilac":9,"minecraft:salmon":8,"minecraft:jungle_wood":2,"minecraft:mud_brick_stairs":4,"minecraft:filled_map":1,"minecraft:oak_log":6,"minecraft:stripped_spruce_wood":1,"farmersdelight:cooked_bacon":1,"minecraft:nether_wart_block":8,"minecraft:gunpowder":82,"immersive_aircraft:gyrodyne":15,"farmersdelight:flint_knife":3,"minecraft:dirt":20,"antlers:tomahawkitem":71,"farmersdelight:mutton_chops":45,"minecraft:cooked_mutton":22,"minecraft:red_carpet":56,"minecraft:bone":43,"farmersdelight:iron_knife":3,"minecraft:apple":4,"minecraft:gray_carpet":2,"minecraft:wheat_seeds":85,"minecraft:wild_armor_trim_smithing_template":1,"minecraft:iron_ingot":154,"cenozoicraft:horsetail":3,"minecraft:moss_block":1,"minecraft:acacia_sapling":1,"minecraft:bamboo":6,"iceandfire:fire_dragon_flesh":10,"minecraft:iron_sword":10,"minecraft:oak_planks":5,"minecraft:scaffolding":36,"minecraft:cooked_porkchop":19,"iceandfire:ash":15,"minecraft:red_wool":44,"iceandfire:dragon_skull_fire":3,"minecraft:birch_stairs":10,"minecraft:sand":1,"sophisticatedbackpacks:iron_backpack":4,"minecraft:mud_brick_wall":6,"minecraft:spider_eye":1,"minecraft:spruce_log":1,"minecraft:dark_oak_log":2,"farmersdelight:cooked_mutton_chops":6,"alexsmobs:animal_dictionary":2,"minecraft:mossy_cobblestone":4,"minecraft:diamond":15,"minecraft:mangrove_wood":4,"regions_unexplored:tall_green_bioshroom":1,"bossominium:the_bossdexium":2,"minecraft:iron_helmet":8,"minecraft:oak_sapling":3,"minecraft:emerald":21,"minecraft:bread":22,"alexsmobs:maggot":4,"minecraft:netherrack":2,"minecraft:dark_oak_fence":2},"minecraft:mined":{"minecraft:dark_oak_planks":3,"minecraft:red_carpet":9,"iceandfire:graveyard_soil":2,"minecraft:mossy_cobblestone":1,"minecraft:jungle_leaves":10,"biomesoplenty:desert_grass":10,"minecraft:dark_oak_fence":2,"minecraft:glow_lichen":2,"biomesoplenty:bush":5,"minecraft:grass_block":10,"minecraft:moss_block":10,"minecraft:large_fern":1,"minecraft:hay_block":36,"minecraft:tall_seagrass":2,"minecraft:fire":15,"regions_unexplored:redwood_planks":5,"minecraft:moss_carpet":3,"minecraft:oak_stairs":2,"minecraft:vine":1,"minecraft:iron_bars":2,"regions_unexplored:medium_grass":6,"minecraft:azalea":4,"minecraft:bone_block":35,"regions_unexplored:redwood_log":28,"regions_unexplored:windswept_grass":27,"minecraft:birch_stairs":10,"minecraft:acacia_leaves":19,"minecraft:scaffolding":11,"minecraft:glass_pane":2,"minecraft:red_bed":5,"minecraft:red_wool":15,"minecraft:hanging_roots":16,"biomesoplenty:wildflower":1,"minecraft:mud_brick_stairs":2,"minecraft:tall_grass":80,"minecraft:sugar_cane":1,"minecraft:wall_torch":1,"minecraft:seagrass":1,"minecraft:jungle_wood":2,"minecraft:cobblestone_wall":1,"antlers:sheep_corpse":1,"minecraft:wheat":1,"minecraft:lilac":1,"antlers:bloody_pig":1,"regions_unexplored:sandy_grass":4,"minecraft:stone_brick_stairs":1,"minecraft:grass":266,"minecraft:oak_log":1,"minecraft:dirt":9,"minecraft:cobweb":26,"antlers:bloody_cow":4,"minecraft:netherrack":2,"minecraft:oak_leaves":39},"minecraft:killed":{"minecraft:evoker":1,"minecraft:vex":3,"creeperoverhaul:beach_creeper":1,"minecraft:vindicator":3,"minecraft:spider":7,"enemyexpansion:direwolf":3,"creeperoverhaul:bamboo_creeper":1,"minecraft:skeleton":7,"iceandfire:fire_dragon":2,"crimson_steves_mobs:zombie_evoker":1,"minecraft:husk":9,"minecraft:pig":2,"enemyexpansion:ladybug":1,"creeperoverhaul:spruce_creeper":1,"crimson_steves_mobs:derpig":2,"enemyexpansion:sprinter":1,"crimson_steves_mobs:creeckin":1,"crimson_steves_mobs:zombie_vindicator":2,"crimson_steves_mobs:zombie_pig":2,"minecraft:zombie":5,"crimson_steves_mobs:zombie_pillager":1,"enemyexpansion:botfly":1,"mutantmonsters:mutant_creeper":1},"minecraft:used":{"alexsmobs:emu_egg":1,"minecraft:oak_fence":2,"sophisticatedbackpacks:iron_backpack":3,"minecraft:bone_block":21,"minecraft:spruce_planks":4,"minecraft:iron_sword":374,"minecraft:rotten_flesh":14,"minecraft:netherrack":2,"minecraft:iron_chestplate":2,"minecraft:dirt":1,"farmersdelight:flint_knife":1,"minecraft:snowball":1,"minecraft:dark_oak_planks":20,"minecraft:wooden_axe":14,"alexsmobs:maggot":1,"minecraft:red_wool":2,"minecraft:iron_axe":39,"minecraft:iron_helmet":3,"minecraft:iron_boots":2,"minecraft:totem_of_undying":3,"minecraft:item_frame":3,"minecraft:hay_block":7,"minecraft:scaffolding":9,"minecraft:cooked_beef":5,"farmersdelight:cooked_mutton_chops":1,"minecraft:egg":1,"minecraft:iron_leggings":2,"farmersdelight:iron_knife":2,"minecraft:mangrove_planks":8,"minecraft:oak_planks":8,"minecraft:golden_apple":3,"minecraft:jungle_wood":1,"minecraft:salmon":5,"minecraft:mossy_cobblestone":1,"regions_unexplored:redwood_planks":15,"minecraft:crafting_table":1,"minecraft:red_bed":4,"minecraft:acacia_leaves":5,"minecraft:cod":4,"minecraft:oak_log":1,"antlers:jerkey":12,"minecraft:apple":2,"minecraft:bread":15,"minecraft:iron_pickaxe":50,"iceandfire:graveyard_soil":1,"minecraft:cobblestone":1,"minecraft:cooked_porkchop":8,"minecraft:porkchop":1,"immersive_aircraft:gyrodyne":11,"minecraft:coarse_dirt":3,"minecraft:birch_stairs":10},"minecraft:dropped":{"farmersdelight:iron_knife":1,"minecraft:iron_sword":2,"minecraft:porkchop":2,"minecraft:wheat_seeds":54,"minecraft:cooked_beef":1,"iceandfire:fire_dragon_flesh":2,"minecraft:iron_helmet":1,"farmersdelight:cooked_bacon":1,"regions_unexplored:blue_bioshroom":2,"bossominium:the_bossdexium":3,"minecraft:pufferfish":1,"minecraft:dark_oak_fence":1,"minecraft:torch":1,"minecraft:iron_leggings":1,"minecraft:sand":1,"iceandfire:dragon_skull_fire":1,"iceandfire:dragonbone":1,"minecraft:string":1,"minecraft:gold_ingot":1,"minecraft:moss_carpet":2,"alexsmobs:animal_dictionary":3,"minecraft:wheat":1,"minecraft:rotten_flesh":1,"minecraft:iron_boots":1,"minecraft:acacia_leaves":1,"bossominium:vex_wing":1,"minecraft:hay_block":1,"minecraft:flower_pot":1,"minecraft:iron_chestplate":2,"minecraft:oak_sapling":2,"biomesoplenty:wildflower":1,"minecraft:azalea":1,"regions_unexplored:tall_green_bioshroom":1,"cenozoicraft:horsetail":3,"minecraft:egg":1},"minecraft:crafted":{"minecraft:oak_planks":8,"immersive_aircraft:sail":4,"minecraft:bone_meal":18,"minecraft:white_carpet":25,"antlers:jerkey":6,"minecraft:iron_axe":1,"immersive_aircraft:hull":4,"minecraft:wheat":144,"minecraft:crafting_table":1,"minecraft:spruce_planks":4,"minecraft:mangrove_planks":8,"minecraft:red_carpet":6,"immersive_aircraft:propeller":2,"minecraft:bread":48,"minecraft:air":0,"regions_unexplored:redwood_planks":20,"minecraft:white_wool":10,"immersive_aircraft:gyrodyne":2,"minecraft:white_dye":18,"minecraft:stick":4,"minecraft:wooden_axe":1},"minecraft:custom":{"minecraft:mob_kills":61,"minecraft:interact_with_crafting_table":26,"minecraft:open_barrel":67,"minecraft:interact_with_campfire":20,"minecraft:leave_game":5,"minecraft:time_since_death":25542,"minecraft:climb_one_cm":8699,"minecraft:sprint_one_cm":438160,"minecraft:walk_one_cm":541668,"minecraft:drop":77,"minecraft:damage_dealt_absorbed":80,"minecraft:talked_to_villager":1,"minecraft:play_time":212673,"minecraft:deaths":27,"minecraft:sneak_time":9993,"minecraft:walk_under_water_one_cm":27892,"minecraft:jump":4361,"minecraft:walk_on_water_one_cm":33362,"minecraft:total_world_time":212673,"minecraft:sleep_in_bed":3,"minecraft:time_since_rest":25573,"minecraft:waystone_activated":3,"minecraft:damage_taken":11699,"minecraft:damage_absorbed":219,"minecraft:damage_dealt":7913,"minecraft:swim_one_cm":86659,"minecraft:fly_one_cm":841280,"minecraft:open_chest":51,"minecraft:crouch_one_cm":18975,"minecraft:interact_with_smoker":9,"minecraft:fall_one_cm":102482}},"DataVersion":3465}