{"stats":{"minecraft:crafted":{"minecraft:oak_planks":20,"minecraft:wheat":9,"minecraft:crafting_table":2,"minecraft:spruce_planks":16,"minecraft:bread":3,"minecraft:jungle_planks":8,"regions_unexplored:redwood_planks":16,"minecraft:iron_chestplate":1,"minecraft:iron_ingot":9},"minecraft:used":{"minecraft:moss_carpet":1,"minecraft:tropical_fish":3,"minecraft:ladder":1,"minecraft:spruce_planks":13,"minecraft:iron_sword":111,"minecraft:netherrack":2,"minecraft:iron_chestplate":1,"minecraft:dirt":1,"minecraft:jungle_planks":3,"minecraft:wooden_axe":3,"minecraft:dark_oak_planks":4,"minecraft:lantern":1,"minecraft:packed_mud":2,"minecraft:iron_helmet":2,"minecraft:iron_boots":1,"minecraft:beef":5,"minecraft:scaffolding":2,"minecraft:iron_leggings":1,"minecraft:water_bucket":2,"minecraft:salmon":3,"regions_unexplored:redwood_planks":16,"minecraft:crafting_table":2,"minecraft:red_bed":7,"minecraft:oak_log":1,"waystones:waystone":1,"minecraft:apple":1,"minecraft:bread":27,"farmersdelight:ham":1,"minecraft:mud_brick_wall":1,"minecraft:porkchop":4,"minecraft:bucket":4,"alexsmobs:animal_dictionary":1,"minecraft:candle":1},"minecraft:custom":{"minecraft:mob_kills":30,"minecraft:interact_with_crafting_table":7,"minecraft:open_barrel":32,"minecraft:damage_dealt_resisted":46,"minecraft:leave_game":1,"minecraft:time_since_death":1993,"minecraft:climb_one_cm":3932,"minecraft:sprint_one_cm":214815,"minecraft:walk_one_cm":182931,"minecraft:drop":34,"minecraft:talked_to_villager":4,"minecraft:play_time":81939,"minecraft:deaths":10,"minecraft:sneak_time":4844,"minecraft:walk_under_water_one_cm":3109,"minecraft:jump":2346,"minecraft:walk_on_water_one_cm":8381,"minecraft:total_world_time":81939,"minecraft:interact_with_furnace":2,"minecraft:tune_noteblock":4,"minecraft:sleep_in_bed":4,"minecraft:time_since_rest":2028,"minecraft:waystone_activated":1,"minecraft:damage_taken":4193,"minecraft:damage_dealt":3122,"minecraft:swim_one_cm":9122,"minecraft:fly_one_cm":335747,"minecraft:open_chest":19,"minecraft:crouch_one_cm":11479,"minecraft:fall_one_cm":43933},"minecraft:mined":{"minecraft:dark_oak_planks":4,"minecraft:spruce_planks":1,"minecraft:candle":1,"minecraft:ladder":1,"minecraft:hay_block":1,"minecraft:fire":2,"minecraft:bookshelf":1,"regions_unexplored:medium_grass":12,"regions_unexplored:redwood_log":4,"regions_unexplored:windswept_grass":4,"minecraft:podzol":1,"minecraft:red_bed":6,"minecraft:white_stained_glass_pane":1,"minecraft:tall_grass":3,"minecraft:stripped_spruce_wood":1,"antlers:sheep_corpse":1,"regions_unexplored:sandy_tall_grass":1,"regions_unexplored:sandy_grass":8,"antlers:bloody_pig":1,"minecraft:grass":8,"minecraft:oak_log":5,"minecraft:oak_leaves":6},"minecraft:killed":{"minecraft:spider":3,"minecraft:skeleton":2,"minecraft:zombie_villager":1,"creeperoverhaul:spruce_creeper":1,"crimson_steves_mobs:derpig":2,"crimson_steves_mobs:zombie_vindicator":2,"crimson_steves_mobs:zombie_pig":2,"minecraft:zombie":5,"crimson_steves_mobs:zombie_pillager":1,"enemyexpansion:botfly":3,"enemyexpansion:wasp":1,"minecraft:cow":3},"minecraft:killed_by":{"minecraft:husk":1,"minecraft:player":1,"mutantmonsters:mutant_creeper":1,"crimson_steves_mobs:pavager":1,"man:managgresive":1,"crimson_steves_mobs:zombie_vindicator":1,"minecraft:zombie":3,"iceandfire:fire_dragon":1},"minecraft:dropped":{"minecraft:iron_ingot":6,"minecraft:iron_sword":1,"minecraft:wheat_seeds":8,"minecraft:stripped_mangrove_wood":1,"minecraft:golden_horse_armor":1,"minecraft:red_wool":1,"minecraft:iron_horse_armor":1,"bossominium:the_bossdexium":1,"minecraft:mangrove_wood":2,"minecraft:iron_shovel":1,"minecraft:string":1,"alexsmobs:maggot":4,"minecraft:coarse_dirt":3,"alexsmobs:animal_dictionary":1,"minecraft:mud_bricks":2,"minecraft:leather_leggings":2,"minecraft:spider_eye":1,"minecraft:spruce_slab":1,"minecraft:stripped_spruce_wood":1},"minecraft:picked_up":{"minecraft:wooden_axe":6,"minecraft:coarse_dirt":5,"minecraft:iron_chestplate":3,"minecraft:allium":2,"minecraft:wheat":39,"minecraft:ladder":10,"minecraft:leather_leggings":1,"minecraft:potion":7,"minecraft:enchanted_book":11,"minecraft:string":18,"minecraft:red_bed":7,"minecraft:moss_carpet":2,"minecraft:iron_leggings":2,"minecraft:iron_shovel":3,"minecraft:candle":1,"minecraft:gold_nugget":318,"minecraft:bucket":3,"minecraft:spruce_planks":4,"minecraft:beef":19,"minecraft:iron_nugget":54,"minecraft:iron_pickaxe":1,"minecraft:spruce_slab":1,"regions_unexplored:redwood_planks":23,"minecraft:spruce_trapdoor":3,"regions_unexplored:redwood_log":4,"minecraft:iron_boots":5,"minecraft:stick":43,"minecraft:stripped_mangrove_wood":1,"minecraft:torch":1,"minecraft:porkchop":11,"minecraft:redstone":8,"minecraft:iron_horse_armor":4,"minecraft:dark_oak_planks":7,"minecraft:rotten_flesh":33,"minecraft:tropical_fish":9,"minecraft:hay_block":1,"minecraft:gold_ingot":2,"minecraft:mud_bricks":2,"minecraft:lilac":1,"minecraft:salmon":1,"minecraft:packed_mud":2,"minecraft:stripped_spruce_wood":1,"minecraft:oak_log":6,"minecraft:gunpowder":4,"immersive_aircraft:gyrodyne":3,"minecraft:dirt":1,"antlers:tomahawkitem":28,"minecraft:lantern":1,"minecraft:name_tag":3,"minecraft:apple":2,"minecraft:wheat_seeds":18,"minecraft:iron_ingot":4,"minecraft:iron_sword":13,"minecraft:book":21,"minecraft:scaffolding":2,"minecraft:red_wool":1,"minecraft:mud_brick_wall":1,"minecraft:spruce_log":6,"minecraft:spruce_door":1,"farmersdelight:ham":3,"minecraft:spider_eye":1,"minecraft:diamond":12,"minecraft:mangrove_wood":4,"waystones:waystone":1,"minecraft:iron_helmet":12,"minecraft:stripped_jungle_wood":2,"minecraft:bread":35,"minecraft:golden_horse_armor":6,"minecraft:emerald":9,"alexsmobs:maggot":7,"minecraft:netherrack":4}},"DataVersion":3465}