{"stats":{"minecraft:killed_by":{"enemyexpansion:sprinter":1,"minecraft:pig":1,"crimson_steves_mobs:creesteve":2},"minecraft:mined":{"minecraft:pumpkin":2,"minecraft:grass":45,"minecraft:grass_block":5,"minecraft:oak_log":8,"minecraft:dirt":3,"minecraft:tall_grass":5,"minecraft:oak_leaves":14},"minecraft:picked_up":{"iceandfire:dragon_skull_lightning":1,"minecraft:stick":2,"iceandfire:dragonbone":21,"minecraft:pumpkin":2,"minecraft:acacia_log":1,"minecraft:porkchop":8,"minecraft:oak_log":8,"minecraft:dirt":20,"minecraft:rotten_flesh":1,"minecraft:wheat_seeds":14,"minecraft:oak_sapling":1},"minecraft:used":{"minecraft:wooden_pickaxe":27,"minecraft:rotten_flesh":1,"minecraft:dirt":3,"minecraft:crafting_table":2,"minecraft:porkchop":5,"minecraft:pumpkin":1},"minecraft:killed":{"minecraft:pig":3,"crimson_steves_mobs:derpig":1,"enemyexpansion:sprinter":1},"minecraft:dropped":{"minecraft:wheat_seeds":7,"minecraft:oak_sapling":1},"minecraft:crafted":{"minecraft:oak_planks":28,"minecraft:crafting_table":2,"minecraft:stick":12,"minecraft:wooden_pickaxe":2,"minecraft:acacia_planks":4},"minecraft:custom":{"minecraft:time_since_rest":2707,"minecraft:sprint_one_cm":37220,"minecraft:damage_taken":1710,"minecraft:walk_one_cm":31431,"minecraft:mob_kills":5,"minecraft:drop":8,"minecraft:damage_dealt":730,"minecraft:swim_one_cm":7032,"minecraft:interact_with_crafting_table":2,"minecraft:fly_one_cm":128846,"minecraft:crouch_one_cm":565,"minecraft:play_time":14376,"minecraft:deaths":5,"minecraft:sneak_time":318,"minecraft:walk_under_water_one_cm":2069,"minecraft:jump":603,"minecraft:leave_game":2,"minecraft:walk_on_water_one_cm":5774,"minecraft:time_since_death":2681,"minecraft:total_world_time":14376,"minecraft:fall_one_cm":19580}},"DataVersion":3465}