{"stats":{"minecraft:killed_by":{"minecraft:husk":2,"crimson_steves_mobs:creesteve":3,"enemyexpansion:sprinter":1,"apollyon:the_damned":1,"minecraft:skeleton":1,"minecraft:pig":1,"iceandfire:fire_dragon":9,"minecraft:vex":2},"minecraft:picked_up":{"iceandfire:dragon_skull_lightning":7,"minecraft:iron_chestplate":3,"minecraft:wheat":14,"minecraft:chicken":2,"minecraft:flower_pot":2,"minecraft:leather_leggings":1,"minecraft:oak_stairs":2,"minecraft:enchanted_book":9,"regions_unexplored:blue_bioshroom":4,"minecraft:moss_carpet":2,"iceandfire:manuscript":4,"minecraft:red_bed":15,"minecraft:string":14,"minecraft:dark_oak_trapdoor":1,"minecraft:iron_axe":3,"minecraft:iron_leggings":4,"minecraft:item_frame":2,"minecraft:pufferfish":3,"minecraft:iron_shovel":2,"iceandfire:graveyard_soil":3,"iceandfire:bestiary":1,"minecraft:gold_nugget":16,"minecraft:bucket":2,"minecraft:beef":6,"minecraft:iron_pickaxe":1,"bossominium:vex_wing":16,"biomesoplenty:wildflower":1,"regions_unexplored:redwood_log":3,"minecraft:iron_boots":4,"iceandfire:dragonscales_gray":19,"minecraft:stick":11,"iceandfire:dragonbone":145,"iceandfire:ghost_chest":1,"minecraft:torch":3,"minecraft:acacia_log":2,"minecraft:porkchop":9,"regions_unexplored:green_bioshroom_stem":1,"iceandfire:rotten_egg":1,"minecraft:carrot":5,"minecraft:redstone":3,"minecraft:blue_carpet":3,"minecraft:goat_horn":3,"minecraft:dark_oak_planks":24,"regions_unexplored:barley":2,"minecraft:arrow":14,"minecraft:rotten_flesh":24,"minecraft:light_gray_bed":1,"regions_unexplored:green_bioshroom":1,"farmersdelight:onion":19,"minecraft:hay_block":85,"iceandfire:fire_dragon_heart":1,"minecraft:saddle":1,"minecraft:gold_ingot":17,"minecraft:totem_of_undying":1,"antlers:jerkey":36,"minecraft:mutton":2,"minecraft:cobblestone":2,"minecraft:iron_bars":2,"minecraft:white_wool":1,"minecraft:cooked_beef":6,"minecraft:jungle_log":2,"minecraft:leather":7,"minecraft:jungle_wood":16,"minecraft:mud_brick_stairs":3,"minecraft:stripped_spruce_wood":1,"minecraft:oak_log":10,"farmersdelight:cooked_bacon":15,"minecraft:gunpowder":4,"minecraft:cobblestone_wall":2,"minecraft:map":3,"minecraft:dirt":20,"antlers:tomahawkitem":36,"minecraft:leather_boots":1,"minecraft:cooked_mutton":4,"minecraft:red_carpet":25,"minecraft:bone":20,"farmersdelight:iron_knife":3,"minecraft:apple":55,"minecraft:wheat_seeds":26,"minecraft:iron_ingot":86,"cenozoicraft:horsetail":4,"minecraft:bamboo":17,"iceandfire:fire_dragon_flesh":8,"minecraft:iron_sword":6,"minecraft:dark_oak_stairs":1,"minecraft:scaffolding":11,"iceandfire:copper_nugget":22,"minecraft:dark_oak_slab":1,"minecraft:cooked_porkchop":75,"minecraft:pumpkin":2,"iceandfire:ash":5,"minecraft:jungle_planks":45,"minecraft:spruce_log":3,"farmersdelight:cooked_mutton_chops":12,"minecraft:diamond":14,"minecraft:mangrove_wood":1,"minecraft:iron_helmet":6,"regions_unexplored:tall_green_bioshroom":2,"minecraft:stripped_jungle_wood":2,"minecraft:crossbow":4,"minecraft:emerald":2,"minecraft:bread":435,"minecraft:chorus_fruit":1,"minecraft:oak_sapling":4,"minecraft:dark_oak_fence":3,"minecraft:coal":21},"minecraft:mined":{"minecraft:dark_oak_planks":12,"regions_unexplored:green_bioshroom":1,"minecraft:red_carpet":1,"regions_unexplored:barley":2,"iceandfire:copper_pile":3,"minecraft:dark_oak_log":1,"farmersdelight:wild_carrots":5,"minecraft:jungle_leaves":29,"biomesoplenty:desert_grass":1,"antlers:bloody_fox":2,"minecraft:acacia_log":1,"regions_unexplored:tall_green_bioshroom":1,"minecraft:grass_block":5,"minecraft:jungle_planks":3,"minecraft:stripped_jungle_wood":2,"minecraft:jungle_log":2,"minecraft:light_gray_bed":1,"minecraft:mud_brick_wall":2,"regions_unexplored:blue_bioshroom":2,"minecraft:hay_block":26,"minecraft:fire":8,"minecraft:orange_stained_glass_pane":3,"minecraft:pumpkin":2,"minecraft:vine":2,"minecraft:iron_bars":4,"regions_unexplored:medium_grass":11,"minecraft:bamboo":5,"minecraft:bone_block":6,"minecraft:acacia_leaves":8,"minecraft:scaffolding":1,"minecraft:glass_pane":1,"minecraft:red_bed":13,"biomesoplenty:wildflower":1,"regions_unexplored:pink_bioshroom":2,"minecraft:mud_brick_stairs":5,"iceandfire:ghost_chest":1,"minecraft:white_stained_glass_pane":1,"minecraft:tall_grass":15,"minecraft:cobblestone":2,"minecraft:jungle_wood":14,"antlers:sheep_corpse":1,"minecraft:wheat":1,"minecraft:grass":66,"minecraft:oak_log":13,"regions_unexplored:green_bioshroom_stem":1,"minecraft:dirt":3,"minecraft:cobweb":2,"antlers:bloody_cow":1,"minecraft:oak_leaves":18,"minecraft:fern":9,"cenozoicraft:horsetail":3},"minecraft:killed":{"minecraft:vex":2,"minecraft:vindicator":4,"minecraft:spider":1,"enemyexpansion:direwolf":1,"creeperoverhaul:bamboo_creeper":1,"minecraft:skeleton":7,"crimson_steves_mobs:zombie_cow":1,"minecraft:chicken":2,"minecraft:drowned":1,"minecraft:husk":8,"minecraft:pig":4,"crimson_steves_mobs:derpig":1,"enemyexpansion:sprinter":1,"crimson_steves_mobs:zombie_vindicator":4,"minecraft:sheep":1,"minecraft:pillager":3,"minecraft:zombie":2,"minecraft:enderman":1,"minecraft:cow":1},"minecraft:used":{"minecraft:acacia_log":1,"minecraft:iron_bars":2,"minecraft:chest":2,"minecraft:spruce_planks":8,"regions_unexplored:green_bioshroom_planks":4,"minecraft:iron_sword":218,"minecraft:rotten_flesh":7,"minecraft:torch":1,"minecraft:iron_chestplate":1,"minecraft:dirt":3,"minecraft:mutton":2,"minecraft:jungle_planks":46,"minecraft:cobblestone_wall":1,"minecraft:carrot":5,"minecraft:mud_brick_stairs":3,"minecraft:dark_oak_planks":10,"cenozoicraft:horsetail":2,"minecraft:iron_axe":44,"minecraft:jungle_log":2,"minecraft:iron_helmet":3,"minecraft:dark_oak_slab":1,"minecraft:iron_boots":3,"minecraft:totem_of_undying":1,"minecraft:bamboo":4,"regions_unexplored:blue_bioshroom":1,"minecraft:red_carpet":3,"minecraft:scaffolding":11,"minecraft:goat_horn":1,"farmersdelight:cooked_mutton_chops":2,"minecraft:pumpkin":1,"minecraft:iron_leggings":3,"farmersdelight:iron_knife":1,"minecraft:water_bucket":7,"minecraft:leather_leggings":2,"minecraft:wooden_pickaxe":27,"regions_unexplored:green_bioshroom":1,"minecraft:leather_boots":1,"minecraft:crafting_table":7,"minecraft:red_bed":14,"minecraft:crossbow":8,"minecraft:spruce_log":1,"antlers:jerkey":4,"minecraft:flower_pot":1,"minecraft:chicken":2,"minecraft:bread":26,"minecraft:iron_pickaxe":20,"iceandfire:ash":5,"farmersdelight:ham":1,"minecraft:blue_carpet":1,"minecraft:porkchop":6,"minecraft:cooked_porkchop":18,"minecraft:dark_oak_fence":3,"minecraft:bucket":8},"minecraft:dropped":{"minecraft:enchanted_book":1,"minecraft:dark_oak_stairs":1,"minecraft:wheat_seeds":13,"minecraft:chorus_fruit":1,"minecraft:iron_helmet":3,"iceandfire:fire_dragon_flesh":6,"minecraft:apple":1,"minecraft:saddle":1,"regions_unexplored:blue_bioshroom":1,"minecraft:stick":2,"minecraft:pufferfish":4,"regions_unexplored:barley":2,"farmersdelight:cooked_mutton_chops":4,"minecraft:iron_shovel":1,"minecraft:dark_oak_planks":1,"minecraft:blue_carpet":2,"minecraft:string":2,"minecraft:bone":2,"minecraft:moss_carpet":2,"minecraft:rotten_flesh":4,"minecraft:iron_boots":4,"minecraft:iron_chestplate":2,"biomesoplenty:wildflower":1,"minecraft:oak_sapling":2,"minecraft:spruce_log":1,"minecraft:arrow":1,"iceandfire:fire_dragon_heart":1,"regions_unexplored:tall_green_bioshroom":1},"minecraft:crafted":{"minecraft:oak_planks":36,"minecraft:iron_boots":1,"minecraft:iron_axe":1,"minecraft:chest":2,"minecraft:dark_oak_planks":20,"minecraft:wheat":54,"minecraft:crafting_table":7,"minecraft:spruce_planks":8,"minecraft:wooden_pickaxe":2,"minecraft:bread":18,"minecraft:jungle_planks":72,"regions_unexplored:green_bioshroom_planks":4,"regions_unexplored:redwood_planks":12,"minecraft:iron_chestplate":1,"minecraft:stick":16,"minecraft:acacia_planks":4},"minecraft:custom":{"minecraft:mob_kills":50,"minecraft:interact_with_crafting_table":8,"minecraft:open_barrel":46,"minecraft:interact_with_campfire":24,"minecraft:leave_game":3,"minecraft:time_since_death":23297,"minecraft:climb_one_cm":9682,"minecraft:sprint_one_cm":270856,"minecraft:walk_one_cm":247491,"minecraft:drop":64,"minecraft:talked_to_villager":3,"minecraft:play_time":117447,"minecraft:deaths":21,"minecraft:sneak_time":4092,"minecraft:walk_under_water_one_cm":14795,"minecraft:jump":2880,"minecraft:walk_on_water_one_cm":31900,"minecraft:total_world_time":117447,"minecraft:sleep_in_bed":2,"minecraft:time_since_rest":23322,"minecraft:waystone_activated":3,"minecraft:damage_absorbed":46,"minecraft:damage_taken":9934,"minecraft:damage_dealt":10303,"minecraft:swim_one_cm":38284,"minecraft:fly_one_cm":626615,"minecraft:open_chest":51,"minecraft:crouch_one_cm":6356,"minecraft:interact_with_smoker":6,"minecraft:fall_one_cm":94210}},"DataVersion":3465}